#GameID,Team,Player
1,1,360749796698619914
1,1,316713277927194625
1,1,627484657847631902
1,1,220978365534830602
1,2,374958703214067725
1,2,470881834721476668
1,2,111847430491738112
1,2,719731481013911565
2,1,220978365534830602
2,1,383780535933206538
2,1,707747842428764160
2,2,316713277927194625
2,2,374958703214067725
2,2,558426242961899520
3,1,383780535933206538
3,1,627484657847631902
3,1,644617140330168356
3,2,220978365534830602
3,2,316713277927194625
3,2,168282906496729088
4,1,374958703214067725
4,1,383780535933206538
4,1,470881834721476668
4,2,316713277927194625
4,2,111847430491738112
4,2,194542420594130944
5,1,287646350504624168
5,1,383780535933206538
5,1,374958703214067725
5,1,644617140330168356
5,2,719731481013911565
5,2,316713277927194625
5,2,111847430491738112
5,2,168282906496729088
6,1,316713277927194625
6,1,470881834721476668
6,1,383780535933206538
6,1,719731481013911565
6,1,168282906496729088
6,2,374958703214067725
6,2,111847430491738112
6,2,220978365534830602
6,2,287646350504624168
6,2,707747842428764160
7,1,316713277927194625
7,1,464396870932758528
7,1,111847430491738112
7,2,168282906496729088
7,2,383780535933206538
7,2,719731481013911565
8,1,316713277927194625
8,1,383780535933206538
8,1,220978365534830602
8,1,627484657847631902
8,2,719731481013911565
8,2,111847430491738112
8,2,374958703214067725
8,2,426796674971729940
9,1,383780535933206538
9,1,316713277927194625
9,1,712968473705185323
9,1,464396870932758528
9,2,719731481013911565
9,2,305422077891051550
9,2,168282906496729088
9,2,426796674971729940
10,1,627484657847631902
10,1,383780535933206538
10,1,712968473705185323
10,2,168282906496729088
10,2,426796674971729940
10,2,719731481013911565
11,1,719731481013911565
11,1,305422077891051550
11,1,627484657847631902
11,1,707747842428764160
11,2,374958703214067725
11,2,340966904586043394
11,2,168282906496729088
11,2,644617140330168356
12,1,168282906496729088
12,1,383780535933206538
12,1,220978365534830602
12,2,627484657847631902
12,2,426796674971729940
12,2,654052019140821014
13,1,220978365534830602
13,1,383780535933206538
13,1,654052019140821014
13,1,464396870932758528
13,2,168282906496729088
13,2,426796674971729940
13,2,627484657847631902
13,2,547782898179244043
14,1,220978365534830602
14,1,316713277927194625
14,1,464396870932758528
14,2,168282906496729088
14,2,383780535933206538
14,2,644617140330168356
15,1,316713277927194625
15,1,383780535933206538
15,1,426796674971729940
15,1,464396870932758528
15,2,470881834721476668
15,2,340966904586043394
15,2,374958703214067725
15,2,547782898179244043
16,1,168282906496729088
16,1,316713277927194625
16,1,464396870932758528
16,2,627484657847631902
16,2,374958703214067725
16,2,644617140330168356
17,1,470881834721476668
17,1,305422077891051550
17,1,287646350504624168
17,1,719731481013911565
17,2,168282906496729088
17,2,340966904586043394
17,2,464396870932758528
17,2,547782898179244043
18,1,168282906496729088
18,1,340966904586043394
18,1,470881834721476668
18,2,287646350504624168
18,2,277512731647803393
18,2,719731481013911565
19,1,220978365534830602
19,1,316713277927194625
19,1,383780535933206538
19,1,374958703214067725
19,1,707747842428764160
19,2,470881834721476668
19,2,340966904586043394
19,2,627484657847631902
19,2,464396870932758528
19,2,547782898179244043
20,1,168282906496729088
20,1,287646350504624168
20,1,704384966716555284
20,1,464396870932758528
20,2,374958703214067725
20,2,470881834721476668
20,2,111847430491738112
20,2,627484657847631902
21,1,383780535933206538
21,1,287646350504624168
21,1,654767153320427544
21,1,464396870932758528
21,1,644617140330168356
21,2,316713277927194625
21,2,704384966716555284
21,2,374958703214067725
21,2,168282906496729088
21,2,717720216859181057
22,1,316713277927194625
22,1,374958703214067725
22,1,464396870932758528
22,2,707747842428764160
22,2,470881834721476668
22,2,743053271148527706
23,1,374958703214067725
23,1,287646350504624168
23,1,470881834721476668
23,1,464396870932758528
23,1,743053271148527706
23,2,707747842428764160
23,2,282897052285796353
23,2,168282906496729088
23,2,717720216859181057
23,2,547782898179244043
24,1,168282906496729088
24,1,438443958658531348
24,1,426796674971729940
24,1,374958703214067725
24,1,464396870932758528
24,2,470881834721476668
24,2,383780535933206538
24,2,220978365534830602
24,2,712968473705185323
24,2,547782898179244043
25,1,426796674971729940
25,1,340966904586043394
25,1,470881834721476668
25,1,220978365534830602
25,2,707747842428764160
25,2,712968473705185323
25,2,383780535933206538
25,2,464396870932758528
26,1,627484657847631902
26,1,287646350504624168
26,1,654767153320427544
26,1,712968473705185323
26,1,707747842428764160
26,2,426796674971729940
26,2,383780535933206538
26,2,374958703214067725
26,2,168282906496729088
26,2,464396870932758528
27,1,374958703214067725
27,1,287646350504624168
27,1,654767153320427544
27,1,464396870932758528
27,2,383780535933206538
27,2,470881834721476668
27,2,277512731647803393
27,2,168282906496729088
28,1,284637613694910474
28,1,316713277927194625
28,1,712968473705185323
28,1,654767153320427544
28,2,707747842428764160
28,2,383780535933206538
28,2,464396870932758528
28,2,168282906496729088
29,1,547782898179244043
29,1,316713277927194625
29,1,426796674971729940
29,1,654767153320427544
29,2,470881834721476668
29,2,340966904586043394
29,2,374958703214067725
29,2,464396870932758528
30,1,464396870932758528
30,1,654767153320427544
30,1,426796674971729940
30,1,374958703214067725
30,2,644617140330168356
30,2,220978365534830602
30,2,627484657847631902
30,2,617159976556953611
31,1,717720216859181057
31,1,464396870932758528
31,1,470881834721476668
31,2,383780535933206538
31,2,617159976556953611
31,2,374958703214067725
32,1,717720216859181057
32,1,470881834721476668
32,1,374958703214067725
32,1,547782898179244043
32,2,220978365534830602
32,2,617159976556953611
32,2,464396870932758528
32,2,383780535933206538
33,1,617159976556953611
33,1,168282906496729088
33,1,374958703214067725
33,1,464396870932758528
33,2,470881834721476668
33,2,383780535933206538
33,2,220978365534830602
33,2,547782898179244043
34,1,464396870932758528
34,1,316713277927194625
34,1,654767153320427544
34,1,292598916501995521
34,1,644617140330168356
34,2,707747842428764160
34,2,470881834721476668
34,2,374958703214067725
34,2,444587373263585292
34,2,717720216859181057
35,1,374958703214067725
35,1,340966904586043394
35,1,179017430222372864
35,1,464396870932758528
35,2,470881834721476668
35,2,627484657847631902
35,2,220978365534830602
35,2,547782898179244043
36,1,360749796698619914
36,1,316713277927194625
36,1,627484657847631902
36,1,374958703214067725
36,1,383780535933206538
36,2,287646350504624168
36,2,470881834721476668
36,2,654767153320427544
36,2,277512731647803393
36,2,464396870932758528
37,1,374958703214067725
37,1,470881834721476668
37,1,268514212345675777
37,1,444587373263585292
37,2,547782898179244043
37,2,617159976556953611
37,2,284637613694910474
37,2,464396870932758528
38,1,470881834721476668
38,1,168282906496729088
38,1,284637613694910474
38,1,464396870932758528
38,2,374958703214067725
38,2,203908551293403136
38,2,654767153320427544
38,2,547782898179244043
39,1,316713277927194625
39,1,547782898179244043
39,1,374958703214067725
39,1,627484657847631902
39,2,168282906496729088
39,2,617159976556953611
39,2,330033967732621312
39,2,464396870932758528
40,1,470881834721476668
40,1,627484657847631902
40,1,654767153320427544
40,1,374958703214067725
40,2,168282906496729088
40,2,287646350504624168
40,2,464396870932758528
40,2,444587373263585292
41,1,470881834721476668
41,1,340966904586043394
41,1,220978365534830602
41,1,374958703214067725
41,2,464396870932758528
41,2,438443958658531348
41,2,282897052285796353
41,2,444587373263585292
42,1,470881834721476668
42,1,627484657847631902
42,1,654767153320427544
42,1,168282906496729088
42,2,464396870932758528
42,2,617159976556953611
42,2,374958703214067725
42,2,547782898179244043
43,1,470881834721476668
43,1,316713277927194625
43,1,383780535933206538
43,1,654767153320427544
43,1,547782898179244043
43,2,168282906496729088
43,2,617159976556953611
43,2,287646350504624168
43,2,704384966716555284
43,2,464396870932758528
44,1,470881834721476668
44,1,287646350504624168
44,1,704384966716555284
44,2,168282906496729088
44,2,464396870932758528
44,2,374958703214067725
45,1,470881834721476668
45,1,704384966716555284
45,1,220978365534830602
45,1,374958703214067725
45,2,168282906496729088
45,2,287646350504624168
45,2,464396870932758528
45,2,497489731538649109
46,1,470881834721476668
46,1,330033967732621312
46,1,253588058589364225
46,1,547782898179244043
46,2,627484657847631902
46,2,497489731538649109
46,2,179017430222372864
46,2,464396870932758528
47,1,470881834721476668
47,1,330033967732621312
47,1,253588058589364225
47,1,547782898179244043
47,2,617159976556953611
47,2,268514212345675777
47,2,497489731538649109
47,2,717720216859181057
48,1,470881834721476668
48,1,344550676141047820
48,1,497489731538649109
48,1,547782898179244043
48,2,374958703214067725
48,2,330033967732621312
48,2,707747842428764160
48,2,717720216859181057
49,1,470881834721476668
49,1,292378911306809355
49,1,547782898179244043
49,1,707747842428764160
49,2,374958703214067725
49,2,330033967732621312
49,2,497489731538649109
49,2,717720216859181057
50,1,470881834721476668
50,1,438443958658531348
50,1,344550676141047820
50,1,717720216859181057
50,2,383780535933206538
50,2,409103244854558740
50,2,168282906496729088
50,2,547782898179244043
51,1,470881834721476668
51,1,383780535933206538
51,1,253588058589364225
51,1,168282906496729088
51,2,654767153320427544
51,2,330033967732621312
51,2,409103244854558740
51,2,547782898179244043
52,1,470881834721476668
52,1,383780535933206538
52,1,253588058589364225
52,1,497489731538649109
52,2,654767153320427544
52,2,330033967732621312
52,2,409103244854558740
52,2,168282906496729088
53,1,470881834721476668
53,1,305422077891051550
53,1,497489731538649109
53,1,168282906496729088
53,2,627484657847631902
53,2,409103244854558740
53,2,330033967732621312
53,2,547782898179244043
54,1,470881834721476668
54,1,383780535933206538
54,1,374958703214067725
54,1,547782898179244043
54,1,444587373263585292
54,2,168282906496729088
54,2,253588058589364225
54,2,497489731538649109
54,2,169163181749567501
54,2,717720216859181057
55,1,470881834721476668
55,1,330033967732621312
55,1,374958703214067725
55,1,547782898179244043
55,1,717720216859181057
55,2,627484657847631902
55,2,268514212345675777
55,2,497489731538649109
55,2,169163181749567501
55,2,444587373263585292
56,1,470881834721476668
56,1,316713277927194625
56,1,344550676141047820
56,1,719731481013911565
56,2,169163181749567501
56,2,627484657847631902
56,2,374958703214067725
56,2,263748831794036749
57,1,497489731538649109
57,1,316713277927194625
57,1,704384966716555284
57,1,374958703214067725
57,2,169163181749567501
57,2,470881834721476668
57,2,383780535933206538
57,2,547782898179244043
58,1,111847430491738112
58,1,470881834721476668
58,1,374958703214067725
58,1,547782898179244043
58,2,627484657847631902
58,2,704384966716555284
58,2,169163181749567501
58,2,717720216859181057
59,1,704384966716555284
59,1,470881834721476668
59,1,383780535933206538
59,1,654767153320427544
59,2,169163181749567501
59,2,627484657847631902
59,2,497489731538649109
59,2,374958703214067725
60,1,497489731538649109
60,1,470881834721476668
60,1,292378911306809355
60,1,344550676141047820
60,1,547782898179244043
60,2,438015639639293952
60,2,383780535933206538
60,2,374958703214067725
60,2,707747842428764160
60,2,464396870932758528
61,1,268514212345675777
61,1,497489731538649109
61,1,617159976556953611
61,1,464396870932758528
61,2,547782898179244043
61,2,470881834721476668
61,2,168282906496729088
61,2,717720216859181057
62,1,464396870932758528
62,1,287646350504624168
62,1,707747842428764160
62,1,444587373263585292
62,2,340966904586043394
62,2,168282906496729088
62,2,719731481013911565
62,2,374958703214067725
63,1,292378911306809355
63,1,287646350504624168
63,1,464396870932758528
63,1,617159976556953611
63,1,497489731538649109
63,2,704384966716555284
63,2,470881834721476668
63,2,111847430491738112
63,2,344550676141047820
63,2,168282906496729088
64,1,617159976556953611
64,1,464396870932758528
64,1,470881834721476668
64,2,168282906496729088
64,2,704384966716555284
64,2,287646350504624168
65,1,547782898179244043
65,1,287646350504624168
65,1,497489731538649109
65,1,464396870932758528
65,2,169163181749567501
65,2,470881834721476668
65,2,383780535933206538
65,2,192715583496781825
66,1,374958703214067725
66,1,305422077891051550
66,1,464396870932758528
66,1,298655846311788544
66,2,168282906496729088
66,2,470881834721476668
66,2,383780535933206538
66,2,717720216859181057
67,1,464396870932758528
67,1,316713277927194625
67,1,547782898179244043
67,1,644617140330168356
67,1,220978365534830602
67,2,253588058589364225
67,2,627484657847631902
67,2,689567520335593584
67,2,374958703214067725
67,2,717720216859181057
68,1,717720216859181057
68,1,111847430491738112
68,1,330033967732621312
68,1,497489731538649109
68,2,287646350504624168
68,2,374958703214067725
68,2,464396870932758528
68,2,168282906496729088
69,1,717720216859181057
69,1,316713277927194625
69,1,383780535933206538
69,1,374958703214067725
69,1,464396870932758528
69,2,547782898179244043
69,2,470881834721476668
69,2,704384966716555284
69,2,111847430491738112
69,2,220978365534830602
70,1,287646350504624168
70,1,617159976556953611
70,1,383780535933206538
70,1,374958703214067725
70,1,547782898179244043
70,2,627484657847631902
70,2,470881834721476668
70,2,111847430491738112
70,2,209963376925736960
70,2,497489731538649109
71,1,287646350504624168
71,1,547782898179244043
71,1,444587373263585292
71,1,689567520335593584
71,2,717720216859181057
71,2,168282906496729088
71,2,464396870932758528
71,2,644617140330168356
72,1,168282906496729088
72,1,464396870932758528
72,1,717720216859181057
72,1,169163181749567501
72,2,627484657847631902
72,2,470881834721476668
72,2,111847430491738112
72,2,220978365534830602
73,1,169163181749567501
73,1,316713277927194625
73,1,497489731538649109
73,1,168282906496729088
73,2,111847430491738112
73,2,383780535933206538
73,2,470881834721476668
73,2,220978365534830602
74,1,111847430491738112
74,1,287646350504624168
74,1,717720216859181057
74,2,168282906496729088
74,2,464396870932758528
74,2,284637613694910474
75,1,464396870932758528
75,1,316713277927194625
75,1,374958703214067725
75,1,497489731538649109
75,2,627484657847631902
75,2,287646350504624168
75,2,111847430491738112
75,2,547782898179244043
76,1,470881834721476668
76,1,316713277927194625
76,1,374958703214067725
76,1,547782898179244043
76,2,704384966716555284
76,2,287646350504624168
76,2,627484657847631902
76,2,464396870932758528
77,1,470881834721476668
77,1,316713277927194625
77,1,704384966716555284
77,1,374958703214067725
77,2,168282906496729088
77,2,253588058589364225
77,2,287646350504624168
77,2,464396870932758528
78,1,470881834721476668
78,1,287646350504624168
78,1,464396870932758528
78,2,168282906496729088
78,2,169163181749567501
78,2,704384966716555284
79,1,287646350504624168
79,1,444587373263585292
79,1,464396870932758528
79,2,717720216859181057
79,2,547782898179244043
79,2,437347754960879616
80,1,287646350504624168
80,1,464396870932758528
80,1,547782898179244043
80,2,644617140330168356
80,2,689567520335593584
80,2,717720216859181057
81,1,437347754960879616
81,1,287646350504624168
81,1,717720216859181057
81,1,464396870932758528
81,2,644617140330168356
81,2,168282906496729088
81,2,374958703214067725
81,2,192715583496781825
82,1,547782898179244043
82,1,437347754960879616
82,1,374958703214067725
82,1,464396870932758528
82,2,757248303464185977
82,2,287646350504624168
82,2,654767153320427544
82,2,192715583496781825
83,1,169163181749567501
83,1,470881834721476668
83,1,379086391914528769
83,1,547782898179244043
83,2,168282906496729088
83,2,340966904586043394
83,2,464396870932758528
83,2,689567520335593584
84,1,470881834721476668
84,1,197960119982620672
84,1,497489731538649109
84,1,169163181749567501
84,2,617159976556953611
84,2,287646350504624168
84,2,379086391914528769
84,2,168282906496729088
85,1,111847430491738112
85,1,316713277927194625
85,1,464396870932758528
85,1,717720216859181057
85,2,547782898179244043
85,2,654767153320427544
85,2,168282906496729088
85,2,689567520335593584
86,1,409103244854558740
86,1,316713277927194625
86,1,547782898179244043
86,1,717720216859181057
86,2,464396870932758528
86,2,330033967732621312
86,2,374958703214067725
86,2,719731481013911565
87,1,547782898179244043
87,1,470881834721476668
87,1,292598916501995521
87,1,464396870932758528
87,2,316713277927194625
87,2,383780535933206538
87,2,374958703214067725
87,2,269650781085368321
88,1,470881834721476668
88,1,197960119982620672
88,1,383780535933206538
88,1,547782898179244043
88,2,374958703214067725
88,2,287646350504624168
88,2,425080036769398784
88,2,464396870932758528
89,1,287646350504624168
89,1,311551386800095232
89,1,413826834514575370
89,1,497489731538649109
89,1,547782898179244043
89,2,374958703214067725
89,2,470881834721476668
89,2,383780535933206538
89,2,169163181749567501
89,2,464396870932758528
90,1,644617140330168356
90,1,316713277927194625
90,1,168282906496729088
90,1,547782898179244043
90,1,689567520335593584
90,2,464396870932758528
90,2,470881834721476668
90,2,654767153320427544
90,2,269650781085368321
90,2,169163181749567501
91,1,437347754960879616
91,1,464396870932758528
91,1,192715583496781825
91,1,169163181749567501
91,2,547782898179244043
91,2,617159976556953611
91,2,374958703214067725
91,2,269650781085368321
92,1,383780535933206538
92,1,253588058589364225
92,1,464396870932758528
92,1,169163181749567501
92,2,470881834721476668
92,2,654767153320427544
92,2,374958703214067725
92,2,547782898179244043
93,1,547782898179244043
93,1,413826834514575370
93,1,704384966716555284
93,1,169163181749567501
93,2,627484657847631902
93,2,383780535933206538
93,2,654767153320427544
93,2,464396870932758528
94,1,374958703214067725
94,1,470881834721476668
94,1,704384966716555284
94,1,464396870932758528
94,1,168282906496729088
94,2,292378911306809355
94,2,497489731538649109
94,2,413826834514575370
94,2,169163181749567501
94,2,547782898179244043
95,1,464396870932758528
95,1,338118765684326401
95,1,470881834721476668
95,1,654767153320427544
95,2,689567520335593584
95,2,438443958658531348
95,2,383780535933206538
95,2,547782898179244043
96,1,383780535933206538
96,1,470881834721476668
96,1,627484657847631902
96,1,654767153320427544
96,1,168282906496729088
96,2,547782898179244043
96,2,316713277927194625
96,2,311551386800095232
96,2,464396870932758528
96,2,689567520335593584
97,1,464396870932758528
97,1,497489731538649109
97,1,547782898179244043
97,1,383780535933206538
97,2,689567520335593584
97,2,316713277927194625
97,2,374958703214067725
97,2,717720216859181057
98,1,497489731538649109
98,1,311551386800095232
98,1,374958703214067725
98,1,169163181749567501
98,1,547782898179244043
98,2,464396870932758528
98,2,470881834721476668
98,2,654767153320427544
98,2,192715583496781825
98,2,717720216859181057
99,1,409103244854558740
99,1,311551386800095232
99,1,547782898179244043
99,1,464396870932758528
99,1,717720216859181057
99,2,169163181749567501
99,2,470881834721476668
99,2,374958703214067725
99,2,168282906496729088
99,2,689567520335593584
100,1,704384966716555284
100,1,340966904586043394
100,1,470881834721476668
100,1,547782898179244043
100,1,717720216859181057
100,2,169163181749567501
100,2,311551386800095232
100,2,464396870932758528
100,2,168282906496729088
100,2,379086391914528769
101,1,374958703214067725
101,1,704384966716555284
101,1,654767153320427544
101,1,719731481013911565
101,2,717720216859181057
101,2,316713277927194625
101,2,464396870932758528
101,2,689567520335593584
102,1,717720216859181057
102,1,704384966716555284
102,1,464396870932758528
102,1,547782898179244043
102,2,689567520335593584
102,2,220978365534830602
102,2,374958703214067725
102,2,168282906496729088
103,1,316713277927194625
103,1,689567520335593584
103,1,470881834721476668
103,1,704384966716555284
103,1,374958703214067725
103,2,383780535933206538
103,2,311551386800095232
103,2,413826834514575370
103,2,379086391914528769
103,2,464396870932758528
104,1,704384966716555284
104,1,316713277927194625
104,1,383780535933206538
104,1,470881834721476668
104,1,717720216859181057
104,2,413826834514575370
104,2,311551386800095232
104,2,409103244854558740
104,2,168282906496729088
104,2,689567520335593584
105,1,464396870932758528
105,1,438443958658531348
105,1,497489731538649109
105,1,547782898179244043
105,2,316713277927194625
105,2,111847430491738112
105,2,168282906496729088
105,2,717720216859181057
106,1,374958703214067725
106,1,497489731538649109
106,1,464396870932758528
106,1,547782898179244043
106,2,717720216859181057
106,2,168282906496729088
106,2,220978365534830602
106,2,719731481013911565
107,1,654767153320427544
107,1,311551386800095232
107,1,470881834721476668
107,1,698959474848694322
107,1,704384966716555284
107,2,340966904586043394
107,2,374958703214067725
107,2,464396870932758528
107,2,168282906496729088
107,2,111847430491738112
108,1,464396870932758528
108,1,340966904586043394
108,1,203908551293403136
108,1,704384966716555284
108,2,168282906496729088
108,2,311551386800095232
108,2,470881834721476668
108,2,717720216859181057
109,1,654767153320427544
109,1,311551386800095232
109,1,470881834721476668
109,1,547782898179244043
109,2,698959474848694322
109,2,330033967732621312
109,2,497489731538649109
109,2,717720216859181057
110,1,268514212345675777
110,1,253588058589364225
110,1,168282906496729088
110,1,547782898179244043
110,1,654767153320427544
110,2,311551386800095232
110,2,470881834721476668
110,2,374958703214067725
110,2,464396870932758528
110,2,717720216859181057
111,1,497489731538649109
111,1,111847430491738112
111,1,464396870932758528
111,2,374958703214067725
111,2,169163181749567501
111,2,547782898179244043
112,1,169163181749567501
112,1,157147169718140928
112,1,464396870932758528
112,1,547782898179244043
112,2,168282906496729088
112,2,497489731538649109
112,2,374958703214067725
112,2,689567520335593584
113,1,374958703214067725
113,1,169163181749567501
113,1,689567520335593584
113,2,464396870932758528
113,2,168282906496729088
113,2,717720216859181057
114,1,717720216859181057
114,1,316713277927194625
114,1,111847430491738112
114,2,547782898179244043
114,2,704384966716555284
114,2,169163181749567501
115,1,169163181749567501
115,1,111847430491738112
115,1,547782898179244043
115,2,316713277927194625
115,2,464396870932758528
115,2,717720216859181057
116,1,330033967732621312
116,1,168282906496729088
116,1,717720216859181057
116,1,464396870932758528
116,1,374958703214067725
116,2,253588058589364225
116,2,316713277927194625
116,2,497489731538649109
116,2,547782898179244043
116,2,654767153320427544
117,1,316713277927194625
117,1,698959474848694322
117,1,704384966716555284
117,1,374958703214067725
117,1,168282906496729088
117,2,654767153320427544
117,2,437347754960879616
117,2,330033967732621312
117,2,464396870932758528
117,2,169163181749567501
118,1,268514212345675777
118,1,203908551293403136
118,1,547782898179244043
118,1,402542390105079809
118,2,179017430222372864
118,2,437347754960879616
118,2,654767153320427544
118,2,717720216859181057
119,1,547782898179244043
119,1,383780535933206538
119,1,169163181749567501
119,1,374958703214067725
119,2,379086391914528769
119,2,497489731538649109
119,2,168282906496729088
119,2,464396870932758528
120,1,383780535933206538
120,1,547782898179244043
120,1,704384966716555284
120,1,168282906496729088
120,2,717720216859181057
120,2,374958703214067725
120,2,497489731538649109
120,2,464396870932758528
121,1,330033967732621312
121,1,698959474848694322
121,1,253588058589364225
121,1,547782898179244043
121,2,464396870932758528
121,2,316713277927194625
121,2,168282906496729088
121,2,717720216859181057
122,1,383780535933206538
122,1,426796674971729940
122,1,269650781085368321
122,1,464396870932758528
122,2,444587373263585292
122,2,547782898179244043
122,2,311551386800095232
122,2,719731481013911565
123,1,253588058589364225
123,1,330033967732621312
123,1,654767153320427544
123,1,547782898179244043
123,2,311551386800095232
123,2,111847430491738112
123,2,464396870932758528
123,2,717720216859181057
124,1,464396870932758528
124,1,111847430491738112
124,1,426796674971729940
124,1,689567520335593584
124,2,547782898179244043
124,2,704384966716555284
124,2,444587373263585292
124,2,717720216859181057
125,1,444587373263585292
125,1,426796674971729940
125,1,547782898179244043
125,2,689567520335593584
125,2,111847430491738112
125,2,464396870932758528
126,1,374958703214067725
126,1,253588058589364225
126,1,311551386800095232
126,1,689567520335593584
126,2,111847430491738112
126,2,330033967732621312
126,2,168282906496729088
126,2,426796674971729940
127,1,547782898179244043
127,1,268514212345675777
127,1,330033967732621312
127,1,374958703214067725
127,2,253588058589364225
127,2,698959474848694322
127,2,464396870932758528
127,2,168282906496729088
128,1,179017430222372864
128,1,470881834721476668
128,1,111847430491738112
128,1,426796674971729940
128,2,627484657847631902
128,2,316713277927194625
128,2,169163181749567501
128,2,704384966716555284
129,1,316713277927194625
129,1,426796674971729940
129,1,704384966716555284
129,1,269650781085368321
129,1,743053271148527706
129,2,464396870932758528
129,2,111847430491738112
129,2,330033967732621312
129,2,168282906496729088
129,2,689567520335593584
130,1,330033967732621312
130,1,426796674971729940
130,1,464396870932758528
130,1,689567520335593584
130,2,704384966716555284
130,2,470881834721476668
130,2,374958703214067725
130,2,269650781085368321
131,1,464396870932758528
131,1,287646350504624168
131,1,654767153320427544
131,1,168282906496729088
131,2,689567520335593584
131,2,617159976556953611
131,2,497489731538649109
131,2,704384966716555284
132,1,168282906496729088
132,1,704384966716555284
132,1,717720216859181057
132,2,287646350504624168
132,2,464396870932758528
132,2,689567520335593584
133,1,743053271148527706
133,1,470881834721476668
133,1,464396870932758528
133,1,717720216859181057
133,2,287646350504624168
133,2,547782898179244043
133,2,168282906496729088
133,2,689567520335593584
134,1,470881834721476668
134,1,197960119982620672
134,1,220978365534830602
134,1,168282906496729088
134,1,717720216859181057
134,2,111847430491738112
134,2,497489731538649109
134,2,464396870932758528
134,2,689567520335593584
134,2,547782898179244043
135,1,111847430491738112
135,1,470881834721476668
135,1,464396870932758528
135,1,374958703214067725
135,1,717720216859181057
135,2,298655846311788544
135,2,497489731538649109
135,2,287646350504624168
135,2,704384966716555284
135,2,547782898179244043
136,1,374958703214067725
136,1,704384966716555284
136,1,111847430491738112
136,1,717720216859181057
136,2,287646350504624168
136,2,654767153320427544
136,2,547782898179244043
136,2,689567520335593584
137,1,111847430491738112
137,1,348661370407092266
137,1,704384966716555284
137,1,689567520335593584
137,2,497489731538649109
137,2,179017430222372864
137,2,374958703214067725
137,2,547782898179244043
138,1,305422077891051550
138,1,497489731538649109
138,1,292378911306809355
138,1,168282906496729088
138,2,179017430222372864
138,2,253588058589364225
138,2,287646350504624168
138,2,464396870932758528
139,1,470881834721476668
139,1,287646350504624168
139,1,654767153320427544
139,1,374958703214067725
139,1,547782898179244043
139,2,192715583496781825
139,2,719731481013911565
139,2,330033967732621312
139,2,464396870932758528
139,2,168282906496729088
140,1,719731481013911565
140,1,379086391914528769
140,1,374958703214067725
140,1,689567520335593584
140,2,464396870932758528
140,2,644617140330168356
140,2,547782898179244043
140,2,717720216859181057
141,1,717720216859181057
141,1,287646350504624168
141,1,547782898179244043
141,1,464396870932758528
141,2,379086391914528769
141,2,374958703214067725
141,2,689567520335593584
141,2,168282906496729088
142,1,685593846805037073
142,1,497489731538649109
142,1,654767153320427544
142,1,689567520335593584
142,2,409103244854558740
142,2,311551386800095232
142,2,464396870932758528
142,2,717720216859181057
143,1,547782898179244043
143,1,316713277927194625
143,1,685593846805037073
143,1,719731481013911565
143,2,704384966716555284
143,2,409103244854558740
143,2,374958703214067725
143,2,717720216859181057
144,1,374958703214067725
144,1,698959474848694322
144,1,433698663873642497
144,2,470881834721476668
144,2,437347754960879616
144,2,111847430491738112
145,1,685593846805037073
145,1,437347754960879616
145,1,374958703214067725
145,1,111847430491738112
145,2,168282906496729088
145,2,433698663873642497
145,2,470881834721476668
145,2,464396870932758528
146,1,529042537219096596
146,1,433698663873642497
146,1,377033794923790338
146,2,153979872534855681
146,2,437347754960879616
146,2,470881834721476668
147,1,685593846805037073
147,1,218881197193953280
147,1,153979872534855681
147,2,330033967732621312
147,2,426796674971729940
147,2,698959474848694322
148,1,717720216859181057
148,1,311551386800095232
148,1,437347754960879616
148,1,719731481013911565
148,2,627484657847631902
148,2,470881834721476668
148,2,111847430491738112
148,2,689567520335593584
149,1,426796674971729940
149,1,330033967732621312
149,1,470881834721476668
149,1,654767153320427544
149,2,547782898179244043
149,2,311551386800095232
149,2,437347754960879616
149,2,717720216859181057
150,1,238726130012651520
150,1,153979872534855681
150,1,437347754960879616
150,1,704384966716555284
150,1,135386370297430016
150,2,197960119982620672
150,2,203908551293403136
150,2,470881834721476668
150,2,654767153320427544
150,2,547782898179244043
151,1,743053271148527706
151,1,153979872534855681
151,1,685593846805037073
151,1,238726130012651520
151,2,169163181749567501
151,2,282897052285796353
151,2,437347754960879616
151,2,311551386800095232
152,1,433698663873642497
152,1,437347754960879616
152,1,529042537219096596
152,1,497489731538649109
152,2,717720216859181057
152,2,426796674971729940
152,2,311551386800095232
152,2,654767153320427544
153,1,689567520335593584
153,1,316713277927194625
153,1,497489731538649109
153,1,426796674971729940
153,1,717720216859181057
153,2,374958703214067725
153,2,470881834721476668
153,2,627484657847631902
153,2,168282906496729088
153,2,685593846805037073
154,1,617159976556953611
154,1,282897052285796353
154,1,311144582945701888
154,1,685593846805037073
154,2,470881834721476668
154,2,438443958658531348
154,2,374958703214067725
154,2,717720216859181057
155,1,282897052285796353
155,1,168282906496729088
155,1,438443958658531348
155,1,497489731538649109
155,2,698959474848694322
155,2,547782898179244043
155,2,311144582945701888
155,2,685593846805037073
156,1,437347754960879616
156,1,698959474848694322
156,1,153979872534855681
156,1,269650781085368321
156,2,282897052285796353
156,2,253588058589364225
156,2,238726130012651520
156,2,654767153320427544
157,1,169163181749567501
157,1,617159976556953611
157,1,588056062301569034
157,2,157147169718140928
157,2,268514212345675777
157,2,245893090123055105
158,1,470881834721476668
158,1,383780535933206538
158,1,311551386800095232
158,1,330033967732621312
158,2,168282906496729088
158,2,218881197193953280
158,2,253588058589364225
158,2,153979872534855681
159,1,654767153320427544
159,1,287646350504624168
159,1,311551386800095232
159,1,547782898179244043
159,2,153979872534855681
159,2,426796674971729940
159,2,470881834721476668
159,2,617159976556953611
160,1,617159976556953611
160,1,311551386800095232
160,1,470881834721476668
160,1,374958703214067725
160,1,426796674971729940
160,2,287646350504624168
160,2,153979872534855681
160,2,253588058589364225
160,2,654767153320427544
160,2,168282906496729088
161,1,238726130012651520
161,1,153979872534855681
161,1,426796674971729940
161,1,168282906496729088
161,1,157147169718140928
161,2,374958703214067725
161,2,218881197193953280
161,2,470881834721476668
161,2,169163181749567501
161,2,717720216859181057
162,1,179017430222372864
162,1,253588058589364225
162,1,330033967732621312
162,1,497489731538649109
162,2,470881834721476668
162,2,311551386800095232
162,2,627484657847631902
162,2,717720216859181057
163,1,470881834721476668
163,1,383780535933206538
163,1,627484657847631902
163,1,547782898179244043
163,2,497489731538649109
163,2,425080036769398784
163,2,179017430222372864
163,2,159743494418595840
164,1,374958703214067725
164,1,340966904586043394
164,1,168282906496729088
164,1,425080036769398784
164,2,717720216859181057
164,2,383780535933206538
164,2,470881834721476668
164,2,547782898179244043
165,1,383780535933206538
165,1,425080036769398784
165,1,374958703214067725
165,1,547782898179244043
165,2,340966904586043394
165,2,470881834721476668
165,2,168282906496729088
165,2,717720216859181057
166,1,627484657847631902
166,1,470881834721476668
166,1,282897052285796353
166,1,689567520335593584
166,2,547782898179244043
166,2,340966904586043394
166,2,425080036769398784
166,2,168282906496729088
167,1,547782898179244043
167,1,316713277927194625
167,1,497489731538649109
167,1,374958703214067725
167,2,689567520335593584
167,2,617159976556953611
167,2,470881834721476668
167,2,717720216859181057
168,1,547782898179244043
168,1,438443958658531348
168,1,470881834721476668
168,1,374958703214067725
168,2,410585498550272011
168,2,311551386800095232
168,2,338118765684326401
168,2,717720216859181057
169,1,253588058589364225
169,1,374958703214067725
169,1,464396870932758528
169,1,547782898179244043
169,2,689567520335593584
169,2,698959474848694322
169,2,704384966716555284
169,2,717720216859181057
170,1,627484657847631902
170,1,438443958658531348
170,1,704384966716555284
170,1,689567520335593584
170,1,717720216859181057
170,2,547782898179244043
170,2,617159976556953611
170,2,374958703214067725
170,2,157147169718140928
170,2,464396870932758528
171,1,547782898179244043
171,1,203908551293403136
171,1,470881834721476668
171,1,704384966716555284
171,2,218881197193953280
171,2,464396870932758528
171,2,374958703214067725
171,2,689567520335593584
172,1,627484657847631902
172,1,287646350504624168
172,1,497489731538649109
172,1,547782898179244043
172,2,685593846805037073
172,2,330033967732621312
172,2,464396870932758528
172,2,689567520335593584
173,1,470881834721476668
173,1,627484657847631902
173,1,497489731538649109
173,1,685593846805037073
173,2,547782898179244043
173,2,330033967732621312
173,2,374958703214067725
173,2,464396870932758528
174,1,470881834721476668
174,1,497489731538649109
174,1,617159976556953611
174,1,464396870932758528
174,1,192715583496781825
174,2,438443958658531348
174,2,209963376925736960
174,2,374958703214067725
174,2,685593846805037073
174,2,547782898179244043
175,1,209963376925736960
175,1,497489731538649109
175,1,617159976556953611
175,1,704384966716555284
175,2,305422077891051550
175,2,470881834721476668
175,2,685593846805037073
175,2,464396870932758528
176,1,704384966716555284
176,1,717720216859181057
176,1,330033967732621312
176,1,547782898179244043
176,2,617159976556953611
176,2,656995170008694819
176,2,464396870932758528
176,2,654767153320427544
177,1,464396870932758528
177,1,470881834721476668
177,1,330033967732621312
177,1,704384966716555284
177,2,654767153320427544
177,2,282897052285796353
177,2,311144582945701888
177,2,374958703214067725
178,1,654767153320427544
178,1,470881834721476668
178,1,704384966716555284
178,1,547782898179244043
178,2,474256696621924393
178,2,685593846805037073
178,2,374958703214067725
178,2,410585498550272011
179,1,253588058589364225
179,1,685593846805037073
179,1,470881834721476668
179,1,547782898179244043
179,2,704384966716555284
179,2,474256696621924393
179,2,374958703214067725
179,2,410585498550272011
180,1,685593846805037073
180,1,253588058589364225
180,1,338118765684326401
180,1,464396870932758528
180,2,192715583496781825
180,2,209963376925736960
180,2,169163181749567501
180,2,168282906496729088
181,1,654767153320427544
181,1,438443958658531348
181,1,617159976556953611
181,1,464396870932758528
181,1,547782898179244043
181,2,153979872534855681
181,2,437347754960879616
181,2,470881834721476668
181,2,374958703214067725
181,2,717720216859181057
182,1,374958703214067725
182,1,617159976556953611
182,1,209963376925736960
182,1,168282906496729088
182,1,689567520335593584
182,2,547782898179244043
182,2,698959474848694322
182,2,644617140330168356
182,2,464396870932758528
182,2,656995170008694819
183,1,644617140330168356
183,1,470881834721476668
183,1,497489731538649109
183,1,689567520335593584
183,1,547782898179244043
183,2,464396870932758528
183,2,698959474848694322
183,2,209963376925736960
183,2,374958703214067725
183,2,656995170008694819
184,1,383780535933206538
184,1,470881834721476668
184,1,627484657847631902
184,1,704384966716555284
184,1,547782898179244043
184,2,464396870932758528
184,2,438443958658531348
184,2,168282906496729088
184,2,374958703214067725
184,2,689567520335593584
185,1,464396870932758528
185,1,316713277927194625
185,1,470881834721476668
185,1,383780535933206538
185,1,547782898179244043
185,2,374958703214067725
185,2,311551386800095232
185,2,617159976556953611
185,2,179017430222372864
185,2,685593846805037073
186,1,470881834721476668
186,1,474256696621924393
186,1,627484657847631902
186,1,179017430222372864
186,1,169163181749567501
186,2,617159976556953611
186,2,698959474848694322
186,2,374958703214067725
186,2,685593846805037073
186,2,547782898179244043
187,1,685593846805037073
187,1,282897052285796353
187,1,153979872534855681
187,1,547782898179244043
187,2,374958703214067725
187,2,470881834721476668
187,2,617159976556953611
187,2,169163181749567501
188,1,685593846805037073
188,1,282897052285796353
188,1,153979872534855681
188,2,169163181749567501
188,2,338118765684326401
188,2,311551386800095232
189,1,689567520335593584
189,1,218881197193953280
189,1,627484657847631902
189,1,464396870932758528
189,2,330033967732621312
189,2,253588058589364225
189,2,685593846805037073
189,2,644617140330168356
190,1,168282906496729088
190,1,253588058589364225
190,1,330033967732621312
190,1,456226577798135808
190,2,464396870932758528
190,2,287646350504624168
190,2,627484657847631902
190,2,547782898179244043
191,1,470881834721476668
191,1,218881197193953280
191,1,689567520335593584
191,2,627484657847631902
191,2,685593846805037073
191,2,330033967732621312
192,1,689567520335593584
192,1,474256696621924393
192,1,330033967732621312
192,1,159743494418595840
192,1,547782898179244043
192,2,464396870932758528
192,2,287646350504624168
192,2,704384966716555284
192,2,287403056369238016
192,2,717720216859181057
193,1,426796674971729940
193,1,153979872534855681
193,1,238726130012651520
193,1,685593846805037073
193,2,338118765684326401
193,2,253588058589364225
193,2,437347754960879616
193,2,617159976556953611
194,1,617159976556953611
194,1,437347754960879616
194,1,685593846805037073
194,1,174217446285246465
194,2,153979872534855681
194,2,426796674971729940
194,2,238726130012651520
194,2,547782898179244043
195,1,617159976556953611
195,1,311551386800095232
195,1,497489731538649109
195,1,547782898179244043
195,2,698959474848694322
195,2,330033967732621312
195,2,464396870932758528
195,2,689567520335593584
196,1,238726130012651520
196,1,153979872534855681
196,1,685593846805037073
196,1,174217446285246465
196,2,338118765684326401
196,2,438443958658531348
196,2,209963376925736960
196,2,110980002484346880
197,1,470881834721476668
197,1,330033967732621312
197,1,497489731538649109
197,1,464396870932758528
197,2,617159976556953611
197,2,698959474848694322
197,2,704384966716555284
197,2,547782898179244043
198,1,209963376925736960
198,1,617159976556953611
198,1,374958703214067725
198,2,168282906496729088
198,2,330033967732621312
198,2,426796674971729940
199,1,338118765684326401
199,1,253588058589364225
199,1,426796674971729940
199,1,209963376925736960
199,2,311551386800095232
199,2,470881834721476668
199,2,497489731538649109
199,2,168282906496729088
200,1,617159976556953611
200,1,383780535933206538
200,1,426796674971729940
200,1,689567520335593584
200,2,330033967732621312
200,2,685593846805037073
200,2,464396870932758528
200,2,547782898179244043
201,1,470881834721476668
201,1,340966904586043394
201,1,627484657847631902
201,1,547782898179244043
201,1,719731481013911565
201,2,685593846805037073
201,2,330033967732621312
201,2,464396870932758528
201,2,209963376925736960
201,2,717720216859181057
202,1,689567520335593584
202,1,437347754960879616
202,1,617159976556953611
202,1,685593846805037073
202,2,168282906496729088
202,2,698959474848694322
202,2,426796674971729940
202,2,238726130012651520
203,1,654767153320427544
203,1,470881834721476668
203,1,464396870932758528
203,1,111847430491738112
203,2,497489731538649109
203,2,168282906496729088
203,2,689567520335593584
203,2,617159976556953611
204,1,168282906496729088
204,1,340966904586043394
204,1,689567520335593584
204,1,717720216859181057
204,2,464396870932758528
204,2,617159976556953611
204,2,238726130012651520
204,2,656995170008694819
205,1,340966904586043394
205,1,238726130012651520
205,1,654767153320427544
205,2,179017430222372864
205,2,409103244854558740
205,2,470881834721476668
206,1,689567520335593584
206,1,218881197193953280
206,1,464396870932758528
206,1,168282906496729088
206,2,654767153320427544
206,2,409103244854558740
206,2,685593846805037073
206,2,192715583496781825
207,1,547782898179244043
207,1,433698663873642497
207,1,338118765684326401
207,1,410585498550272011
207,2,689567520335593584
207,2,437347754960879616
207,2,330033967732621312
207,2,159743494418595840
208,1,464396870932758528
208,1,470881834721476668
208,1,704384966716555284
208,1,547782898179244043
208,2,383780535933206538
208,2,654767153320427544
208,2,168282906496729088
208,2,689567520335593584
209,1,547782898179244043
209,1,704384966716555284
209,1,179017430222372864
209,2,383780535933206538
209,2,168282906496729088
209,2,464396870932758528
210,1,689567520335593584
210,1,253588058589364225
210,1,168282906496729088
210,1,464396870932758528
210,2,470881834721476668
210,2,330033967732621312
210,2,704384966716555284
210,2,547782898179244043
211,1,689567520335593584
211,1,253588058589364225
211,1,464396870932758528
211,1,174217446285246465
211,2,617159976556953611
211,2,203908551293403136
211,2,547782898179244043
211,2,719731481013911565
212,1,437347754960879616
212,1,203908551293403136
212,1,338118765684326401
212,2,474256696621924393
212,2,253588058589364225
212,2,698959474848694322
213,1,685593846805037073
213,1,282897052285796353
213,1,426796674971729940
213,2,654767153320427544
213,2,698959474848694322
213,2,209963376925736960
214,1,698959474848694322
214,1,282897052285796353
214,1,437347754960879616
214,2,340966904586043394
214,2,433698663873642497
214,2,470881834721476668
215,1,437347754960879616
215,1,433698663873642497
215,1,685593846805037073
215,1,338118765684326401
215,2,654767153320427544
215,2,282897052285796353
215,2,617159976556953611
215,2,656995170008694819
216,1,547782898179244043
216,1,698959474848694322
216,1,704384966716555284
216,1,374958703214067725
216,2,464396870932758528
216,2,470881834721476668
216,2,426796674971729940
216,2,717720216859181057
217,1,547782898179244043
217,1,437347754960879616
217,1,704384966716555284
217,1,717720216859181057
217,2,685593846805037073
217,2,340966904586043394
217,2,426796674971729940
217,2,464396870932758528
218,1,497489731538649109
218,1,218881197193953280
218,1,685593846805037073
218,2,617159976556953611
218,2,426796674971729940
218,2,153979872534855681
219,1,497489731538649109
219,1,698959474848694322
219,1,464396870932758528
219,1,547782898179244043
219,2,168282906496729088
219,2,433698663873642497
219,2,644617140330168356
219,2,719731481013911565
220,1,437347754960879616
220,1,698959474848694322
220,1,464396870932758528
220,1,627484657847631902
220,2,689567520335593584
220,2,330033967732621312
220,2,704384966716555284
220,2,169163181749567501
221,1,547782898179244043
221,1,383780535933206538
221,1,464396870932758528
221,1,424662456233885696
221,2,470881834721476668
221,2,627484657847631902
221,2,168282906496729088
221,2,717720216859181057
222,1,311551386800095232
222,1,717720216859181057
222,1,452655064989958164
222,1,547782898179244043
222,2,330033967732621312
222,2,338118765684326401
222,2,689567520335593584
222,2,704384966716555284
223,1,689567520335593584
223,1,218881197193953280
223,1,424662456233885696
223,1,464396870932758528
223,2,547782898179244043
223,2,470881834721476668
223,2,383780535933206538
223,2,654767153320427544
224,1,689567520335593584
224,1,437347754960879616
224,1,698959474848694322
224,1,717720216859181057
224,2,253588058589364225
224,2,330033967732621312
224,2,627484657847631902
224,2,645343838000513084
225,1,253588058589364225
225,1,338118765684326401
225,1,698959474848694322
225,2,330033967732621312
225,2,425080036769398784
225,2,685593846805037073
226,1,464396870932758528
226,1,218881197193953280
226,1,168282906496729088
226,1,719731481013911565
226,2,689567520335593584
226,2,685593846805037073
226,2,704384966716555284
226,2,627484657847631902
227,1,464396870932758528
227,1,497489731538649109
227,1,719731481013911565
227,1,689567520335593584
227,2,547782898179244043
227,2,424662456233885696
227,2,627484657847631902
227,2,717720216859181057
228,1,374958703214067725
228,1,474256696621924393
228,1,153979872534855681
228,1,685593846805037073
228,2,330033967732621312
228,2,698959474848694322
228,2,424662456233885696
228,2,192715583496781825
229,1,330033967732621312
229,1,437347754960879616
229,1,132421058442690560
229,1,689567520335593584
229,2,685593846805037073
229,2,474256696621924393
229,2,311551386800095232
229,2,464396870932758528
230,1,548820398561820703
230,1,311551386800095232
230,1,169163181749567501
230,1,685593846805037073
230,2,330033967732621312
230,2,497489731538649109
230,2,269650781085368321
230,2,437347754960879616
231,1,330033967732621312
231,1,311551386800095232
231,1,169163181749567501
231,1,338118765684326401
231,2,685593846805037073
231,2,437347754960879616
231,2,548820398561820703
231,2,704384966716555284
232,1,464396870932758528
232,1,547782898179244043
232,1,218881197193953280
232,1,168282906496729088
232,2,374958703214067725
232,2,617159976556953611
232,2,654767153320427544
232,2,689567520335593584
233,1,497489731538649109
233,1,437347754960879616
233,1,424662456233885696
233,1,464396870932758528
233,2,330033967732621312
233,2,698959474848694322
233,2,338118765684326401
233,2,547782898179244043
234,1,253588058589364225
234,1,330033967732621312
234,1,689567520335593584
234,1,717720216859181057
234,2,374958703214067725
234,2,437347754960879616
234,2,704384966716555284
234,2,547782898179244043
235,1,547782898179244043
235,1,218881197193953280
235,1,704384966716555284
235,1,717720216859181057
235,2,374958703214067725
235,2,470881834721476668
235,2,617159976556953611
235,2,464396870932758528
236,1,547782898179244043
236,1,330033967732621312
236,1,689567520335593584
236,1,338118765684326401
236,2,464396870932758528
236,2,383780535933206538
236,2,168282906496729088
236,2,717720216859181057
237,1,437347754960879616
237,1,311551386800095232
237,1,424662456233885696
237,2,253588058589364225
237,2,330033967732621312
237,2,627484657847631902
238,1,330033967732621312
238,1,311551386800095232
238,1,548820398561820703
238,2,424662456233885696
238,2,338118765684326401
238,2,253588058589364225
239,1,547782898179244043
239,1,330033967732621312
239,1,704384966716555284
239,1,464396870932758528
239,2,689567520335593584
239,2,470881834721476668
239,2,548820398561820703
239,2,717720216859181057
240,1,168282906496729088
240,1,704384966716555284
240,1,444587373263585292
240,1,547782898179244043
240,2,464396870932758528
240,2,654767153320427544
240,2,689567520335593584
240,2,717720216859181057
241,1,437347754960879616
241,1,433698663873642497
241,1,304187938676146177
241,2,685593846805037073
241,2,311551386800095232
241,2,698959474848694322
242,1,464396870932758528
242,1,311551386800095232
242,1,163685529768951808
242,1,168282906496729088
242,2,689567520335593584
242,2,287646350504624168
242,2,330033967732621312
242,2,547782898179244043
243,1,311551386800095232
243,1,685593846805037073
243,1,304187938676146177
243,1,192715583496781825
243,2,470881834721476668
243,2,330033967732621312
243,2,153979872534855681
243,2,464396870932758528
244,1,464396870932758528
244,1,153979872534855681
244,1,685593846805037073
244,1,698959474848694322
244,2,330033967732621312
244,2,470881834721476668
244,2,627484657847631902
244,2,304187938676146177
245,1,383780535933206538
245,1,330033967732621312
245,1,719731481013911565
245,1,374958703214067725
245,2,470881834721476668
245,2,627484657847631902
245,2,685593846805037073
245,2,168282906496729088
246,1,383780535933206538
246,1,685593846805037073
246,1,253588058589364225
246,1,654767153320427544
246,2,547782898179244043
246,2,287646350504624168
246,2,132421058442690560
246,2,381893934336442368
247,1,654767153320427544
247,1,433698663873642497
247,1,287646350504624168
247,1,132421058442690560
247,2,685593846805037073
247,2,253588058589364225
247,2,470881834721476668
247,2,717720216859181057
248,1,689567520335593584
248,1,287646350504624168
248,1,704384966716555284
248,1,304187938676146177
248,2,717720216859181057
248,2,330033967732621312
248,2,528212023369138176
248,2,547782898179244043
249,1,311551386800095232
249,1,330033967732621312
249,1,547782898179244043
249,1,627484657847631902
249,2,168282906496729088
249,2,698959474848694322
249,2,470881834721476668
249,2,424662456233885696
250,1,374958703214067725
250,1,470881834721476668
250,1,311551386800095232
250,1,383780535933206538
250,2,547782898179244043
250,2,253588058589364225
250,2,132421058442690560
250,2,654767153320427544
251,1,470881834721476668
251,1,383780535933206538
251,1,627484657847631902
251,1,547782898179244043
251,2,168282906496729088
251,2,292378911306809355
251,2,654767153320427544
251,2,169163181749567501
252,1,218881197193953280
252,1,168282906496729088
252,1,169163181749567501
252,1,704384966716555284
252,2,470881834721476668
252,2,383780535933206538
252,2,627484657847631902
252,2,287646350504624168
253,1,340966904586043394
253,1,470881834721476668
253,1,424662456233885696
253,1,627484657847631902
253,2,169163181749567501
253,2,383780535933206538
253,2,287646350504624168
253,2,704384966716555284
254,1,547782898179244043
254,1,330033967732621312
254,1,685593846805037073
254,2,311551386800095232
254,2,689567520335593584
254,2,775906406334726144
255,1,438443958658531348
255,1,311551386800095232
255,1,547782898179244043
255,1,192715583496781825
255,2,470881834721476668
255,2,330033967732621312
255,2,685593846805037073
255,2,689567520335593584
256,1,470881834721476668
256,1,627484657847631902
256,1,330033967732621312
256,1,169163181749567501
256,2,438443958658531348
256,2,685593846805037073
256,2,311551386800095232
256,2,689567520335593584
257,1,685593846805037073
257,1,330033967732621312
257,1,169163181749567501
257,1,689567520335593584
257,2,311551386800095232
257,2,374958703214067725
257,2,717720216859181057
257,2,719731481013911565
258,1,374958703214067725
258,1,698959474848694322
258,1,169163181749567501
258,1,685593846805037073
258,2,168282906496729088
258,2,253588058589364225
258,2,497489731538649109
258,2,689567520335593584
259,1,437347754960879616
259,1,689567520335593584
259,1,409103244854558740
259,2,685593846805037073
259,2,470881834721476668
259,2,698959474848694322
260,1,689567520335593584
260,1,409103244854558740
260,1,153979872534855681
260,2,437347754960879616
260,2,470881834721476668
260,2,685593846805037073
261,1,168282906496729088
261,1,242716817414553600
261,1,169163181749567501
261,1,464396870932758528
261,2,497489731538649109
261,2,654767153320427544
261,2,704384966716555284
261,2,717720216859181057
262,1,311551386800095232
262,1,253588058589364225
262,1,689567520335593584
262,1,330033967732621312
262,2,685593846805037073
262,2,437347754960879616
262,2,153979872534855681
262,2,219516422135611392
263,1,168282906496729088
263,1,242716817414553600
263,1,425080036769398784
263,1,685593846805037073
263,2,654767153320427544
263,2,219516422135611392
263,2,470881834721476668
263,2,211083431101071361
264,1,685593846805037073
264,1,218881197193953280
264,1,464396870932758528
264,1,689567520335593584
264,2,311551386800095232
264,2,698959474848694322
264,2,330033967732621312
264,2,547782898179244043
265,1,168282906496729088
265,1,218881197193953280
265,1,219516422135611392
265,1,464396870932758528
265,2,311551386800095232
265,2,685593846805037073
265,2,330033967732621312
265,2,547782898179244043
266,1,547782898179244043
266,1,242716817414553600
266,1,719731481013911565
266,1,689567520335593584
266,2,654767153320427544
266,2,685593846805037073
266,2,381893934336442368
266,2,717720216859181057
267,1,470881834721476668
267,1,340966904586043394
267,1,717720216859181057
267,1,689567520335593584
267,2,685593846805037073
267,2,433698663873642497
267,2,330033967732621312
267,2,381893934336442368
268,1,464396870932758528
268,1,218881197193953280
268,1,168282906496729088
268,1,685593846805037073
268,2,383780535933206538
268,2,470881834721476668
268,2,311551386800095232
268,2,719731481013911565
269,1,330033967732621312
269,1,433698663873642497
269,1,175307525925634049
269,2,437347754960879616
269,2,685593846805037073
269,2,698959474848694322
270,1,470881834721476668
270,1,437347754960879616
270,1,175307525925634049
270,1,424662456233885696
270,2,685593846805037073
270,2,433698663873642497
270,2,311551386800095232
270,2,698959474848694322
271,1,330033967732621312
271,1,474256696621924393
271,1,219516422135611392
271,1,689567520335593584
271,2,311551386800095232
271,2,437347754960879616
271,2,685593846805037073
271,2,717720216859181057
272,1,719731481013911565
272,1,132421058442690560
272,1,219516422135611392
272,1,547782898179244043
272,2,654767153320427544
272,2,424662456233885696
272,2,464396870932758528
272,2,717720216859181057
273,1,383780535933206538
273,1,242716817414553600
273,1,168282906496729088
273,1,717720216859181057
273,2,547782898179244043
273,2,292378911306809355
273,2,257998415550480384
273,2,464396870932758528
274,1,330033967732621312
274,1,617159976556953611
274,1,253588058589364225
274,1,654767153320427544
274,2,464396870932758528
274,2,438443958658531348
274,2,203908551293403136
274,2,689567520335593584
275,1,470881834721476668
275,1,689567520335593584
275,1,617159976556953611
275,1,168282906496729088
275,2,464396870932758528
275,2,452655064989958164
275,2,654767153320427544
275,2,218881197193953280
276,1,470881834721476668
276,1,437347754960879616
276,1,169163181749567501
276,1,654767153320427544
276,2,617159976556953611
276,2,529042537219096596
276,2,304187938676146177
276,2,219516422135611392
277,1,437347754960879616
277,1,330033967732621312
277,1,169163181749567501
277,1,464396870932758528
277,2,470881834721476668
277,2,311551386800095232
277,2,617159976556953611
277,2,689567520335593584
278,1,311551386800095232
278,1,464396870932758528
278,1,424662456233885696
278,1,627484657847631902
278,2,617159976556953611
278,2,330033967732621312
278,2,383780535933206538
278,2,169163181749567501
279,1,437347754960879616
279,1,627484657847631902
279,1,617159976556953611
279,1,464396870932758528
279,2,689567520335593584
279,2,470881834721476668
279,2,452655064989958164
279,2,424662456233885696
280,1,617159976556953611
280,1,253588058589364225
280,1,470881834721476668
280,1,424662456233885696
280,2,437347754960879616
280,2,330033967732621312
280,2,311551386800095232
280,2,719731481013911565
281,1,437347754960879616
281,1,698959474848694322
281,1,219516422135611392
281,1,330033967732621312
281,2,617159976556953611
281,2,253588058589364225
281,2,311551386800095232
281,2,424662456233885696
282,1,654767153320427544
282,1,304187938676146177
282,1,685593846805037073
282,1,338118765684326401
282,2,253588058589364225
282,2,330033967732621312
282,2,219516422135611392
282,2,424662456233885696
283,1,685593846805037073
283,1,424662456233885696
283,1,168282906496729088
283,1,547782898179244043
283,2,470881834721476668
283,2,627484657847631902
283,2,219516422135611392
283,2,269650781085368321
284,1,219516422135611392
284,1,685593846805037073
284,1,132421058442690560
284,1,304187938676146177
284,2,330033967732621312
284,2,311551386800095232
284,2,689567520335593584
284,2,717720216859181057
285,1,311551386800095232
285,1,219516422135611392
285,1,132421058442690560
285,1,464396870932758528
285,2,685593846805037073
285,2,330033967732621312
285,2,617159976556953611
285,2,338118765684326401
286,1,685593846805037073
286,1,202896990537908225
286,1,424662456233885696
286,1,205567665375412224
286,2,437347754960879616
286,2,311551386800095232
286,2,617159976556953611
286,2,169163181749567501
287,1,437347754960879616
287,1,474256696621924393
287,1,338118765684326401
287,1,689567520335593584
287,2,685593846805037073
287,2,311551386800095232
287,2,219516422135611392
287,2,205567665375412224
288,1,689567520335593584
288,1,218881197193953280
288,1,311551386800095232
288,1,253588058589364225
288,2,685593846805037073
288,2,433698663873642497
288,2,698959474848694322
288,2,330033967732621312
289,1,284637613694910474
289,1,163685529768951808
289,1,304187938676146177
289,2,689567520335593584
289,2,685593846805037073
289,2,654767153320427544
290,1,685593846805037073
290,1,470881834721476668
290,1,689567520335593584
290,1,654767153320427544
290,2,438443958658531348
290,2,469889759158861835
290,2,168282906496729088
290,2,135386370297430016
291,1,437347754960879616
291,1,698959474848694322
291,1,163685529768951808
291,1,304187938676146177
291,2,617159976556953611
291,2,330033967732621312
291,2,219516422135611392
291,2,654767153320427544
292,1,168282906496729088
292,1,409103244854558740
292,1,529042537219096596
292,1,470881834721476668
292,2,547782898179244043
292,2,197960119982620672
292,2,433698663873642497
292,2,464396870932758528
293,1,437347754960879616
293,1,433698663873642497
293,1,330033967732621312
293,1,654767153320427544
293,2,424662456233885696
293,2,202896990537908225
293,2,529042537219096596
293,2,617159976556953611
294,1,424662456233885696
294,1,529042537219096596
294,1,220635774620663808
294,2,433698663873642497
294,2,304187938676146177
294,2,654767153320427544
295,1,617159976556953611
295,1,218881197193953280
295,1,304187938676146177
295,1,424662456233885696
295,2,464396870932758528
295,2,383780535933206538
295,2,470881834721476668
295,2,219516422135611392
296,1,168282906496729088
296,1,470881834721476668
296,1,374958703214067725
296,1,424662456233885696
296,2,383780535933206538
296,2,219516422135611392
296,2,304187938676146177
296,2,464396870932758528
297,1,689567520335593584
297,1,529042537219096596
297,1,220635774620663808
297,1,704384966716555284
297,2,437347754960879616
297,2,654767153320427544
297,2,717720216859181057
297,2,192715583496781825
298,1,219516422135611392
298,1,203908551293403136
298,1,220635774620663808
298,1,529042537219096596
298,2,689567520335593584
298,2,437347754960879616
298,2,704384966716555284
298,2,464396870932758528
299,1,383780535933206538
299,1,470881834721476668
299,1,627484657847631902
299,1,464396870932758528
299,2,330033967732621312
299,2,218881197193953280
299,2,219516422135611392
299,2,704384966716555284
300,1,719731481013911565
300,1,219516422135611392
300,1,464396870932758528
300,1,547782898179244043
300,2,424662456233885696
300,2,338118765684326401
300,2,168282906496729088
300,2,743053271148527706
301,1,470881834721476668
301,1,627484657847631902
301,1,424662456233885696
301,1,269650781085368321
301,2,547782898179244043
301,2,330033967732621312
301,2,338118765684326401
301,2,689567520335593584
302,1,689567520335593584
302,1,219516422135611392
302,1,304187938676146177
302,1,717720216859181057
302,2,311551386800095232
302,2,175307525925634049
302,2,685593846805037073
302,2,220635774620663808
303,1,685593846805037073
303,1,202896990537908225
303,1,219516422135611392
303,1,220635774620663808
303,2,464396870932758528
303,2,311551386800095232
303,2,330033967732621312
303,2,717720216859181057
304,1,547782898179244043
304,1,311551386800095232
304,1,330033967732621312
304,1,617159976556953611
304,1,464396870932758528
304,2,685593846805037073
304,2,219516422135611392
304,2,470881834721476668
304,2,338118765684326401
304,2,689567520335593584
305,1,304187938676146177
305,1,202896990537908225
305,1,153979872534855681
305,2,424662456233885696
305,2,433698663873642497
305,2,685593846805037073
306,1,689567520335593584
306,1,330033967732621312
306,1,685593846805037073
306,2,311551386800095232
306,2,304187938676146177
306,2,627484657847631902
307,1,617159976556953611
307,1,311551386800095232
307,1,689567520335593584
307,2,330033967732621312
307,2,304187938676146177
307,2,685593846805037073
308,1,547782898179244043
308,1,242716817414553600
308,1,464396870932758528
308,1,689567520335593584
308,2,685593846805037073
308,2,219516422135611392
308,2,330033967732621312
308,2,717720216859181057
309,1,685593846805037073
309,1,202896990537908225
309,1,338118765684326401
309,1,159743494418595840
309,2,617159976556953611
309,2,311551386800095232
309,2,470881834721476668
309,2,179017430222372864
310,1,685593846805037073
310,1,311551386800095232
310,1,192715583496781825
310,1,547782898179244043
310,2,617159976556953611
310,2,424662456233885696
310,2,330033967732621312
310,2,464396870932758528
311,1,311551386800095232
311,1,330033967732621312
311,1,547782898179244043
311,1,617159976556953611
311,2,168282906496729088
311,2,433698663873642497
311,2,685593846805037073
311,2,464396870932758528
312,1,311551386800095232
312,1,433698663873642497
312,1,330033967732621312
312,1,547782898179244043
312,2,617159976556953611
312,2,698959474848694322
312,2,219516422135611392
312,2,685593846805037073
313,1,617159976556953611
313,1,219516422135611392
313,1,220635774620663808
313,1,689567520335593584
313,2,464396870932758528
313,2,330033967732621312
313,2,654767153320427544
313,2,685593846805037073
314,1,219516422135611392
314,1,433698663873642497
314,1,685593846805037073
314,1,179017430222372864
314,2,253588058589364225
314,2,132421058442690560
314,2,242716817414553600
314,2,220635774620663808
315,1,685593846805037073
315,1,437347754960879616
315,1,433698663873642497
315,1,220635774620663808
315,2,330033967732621312
315,2,219516422135611392
315,2,654767153320427544
315,2,470881834721476668
316,1,168282906496729088
316,1,311551386800095232
316,1,654767153320427544
316,1,220635774620663808
316,2,437347754960879616
316,2,685593846805037073
316,2,464396870932758528
316,2,717720216859181057
317,1,464396870932758528
317,1,202896990537908225
317,1,330033967732621312
317,1,424662456233885696
317,2,470881834721476668
317,2,433698663873642497
317,2,219516422135611392
317,2,654767153320427544
318,1,470881834721476668
318,1,627484657847631902
318,1,424662456233885696
318,2,168282906496729088
318,2,438443958658531348
318,2,654767153320427544
319,1,547782898179244043
319,1,529042537219096596
319,1,464396870932758528
319,1,169163181749567501
319,2,689567520335593584
319,2,330033967732621312
319,2,219516422135611392
319,2,717720216859181057
320,1,409103244854558740
320,1,383780535933206538
320,1,757970561820393522
320,1,205567665375412224
320,2,547782898179244043
320,2,470881834721476668
320,2,617159976556953611
320,2,135386370297430016
321,1,383780535933206538
321,1,470881834721476668
321,1,168282906496729088
321,2,689567520335593584
321,2,438443958658531348
321,2,757970561820393522
322,1,719731481013911565
322,1,253588058589364225
322,1,529042537219096596
322,1,689567520335593584
322,2,464396870932758528
322,2,437347754960879616
322,2,654767153320427544
322,2,168282906496729088
323,1,617159976556953611
323,1,470881834721476668
323,1,464396870932758528
323,1,689567520335593584
323,2,168282906496729088
323,2,219516422135611392
323,2,654767153320427544
323,2,383780535933206538
324,1,330033967732621312
324,1,529042537219096596
324,1,704384966716555284
324,1,654767153320427544
324,2,437347754960879616
324,2,219516422135611392
324,2,424662456233885696
324,2,689567520335593584
325,1,424662456233885696
325,1,437347754960879616
325,1,654767153320427544
325,1,689567520335593584
325,2,464396870932758528
325,2,219516422135611392
325,2,685593846805037073
325,2,778675420509765702
326,1,330033967732621312
326,1,219516422135611392
326,1,338118765684326401
326,1,778675420509765702
326,2,470881834721476668
326,2,153979872534855681
326,2,685593846805037073
326,2,689567520335593584
327,1,330033967732621312
327,1,202896990537908225
327,1,153979872534855681
327,1,685593846805037073
327,2,437347754960879616
327,2,617159976556953611
327,2,253588058589364225
327,2,654767153320427544
328,1,698959474848694322
328,1,437347754960879616
328,1,689567520335593584
328,1,304187938676146177
328,2,685593846805037073
328,2,470881834721476668
328,2,219516422135611392
328,2,654767153320427544
329,1,685593846805037073
329,1,778675420509765702
329,1,168282906496729088
329,1,464396870932758528
329,2,617159976556953611
329,2,220635774620663808
329,2,169163181749567501
329,2,374958703214067725
330,1,685593846805037073
330,1,433698663873642497
330,1,153979872534855681
330,1,175307525925634049
330,2,330033967732621312
330,2,698959474848694322
330,2,311551386800095232
330,2,304187938676146177
331,1,304187938676146177
331,1,352743220783874060
331,1,314810024952201216
331,1,220635774620663808
331,2,219516422135611392
331,2,311551386800095232
331,2,685593846805037073
331,2,594133610450255892
332,1,685593846805037073
332,1,311551386800095232
332,1,314810024952201216
332,1,277512731647803393
332,1,464396870932758528
332,2,374958703214067725
332,2,330033967732621312
332,2,778675420509765702
332,2,220635774620663808
332,2,547782898179244043
333,1,685593846805037073
333,1,330033967732621312
333,1,778675420509765702
333,1,277512731647803393
333,1,220635774620663808
333,2,311551386800095232
333,2,314810024952201216
333,2,374958703214067725
333,2,464396870932758528
333,2,547782898179244043
334,1,685593846805037073
334,1,438443958658531348
334,1,704384966716555284
334,2,304187938676146177
334,2,202896990537908225
334,2,330033967732621312
335,1,168282906496729088
335,1,253588058589364225
335,1,470881834721476668
335,1,464396870932758528
335,2,689567520335593584
335,2,437347754960879616
335,2,654767153320427544
335,2,220635774620663808
336,1,374958703214067725
336,1,253588058589364225
336,1,470881834721476668
336,1,205567665375412224
336,2,685593846805037073
336,2,437347754960879616
336,2,314810024952201216
336,2,654767153320427544
337,1,330033967732621312
337,1,438443958658531348
337,1,168282906496729088
337,1,689567520335593584
337,2,464396870932758528
337,2,203908551293403136
337,2,685593846805037073
337,2,219516422135611392
338,1,330033967732621312
338,1,437347754960879616
338,1,424662456233885696
338,1,461681615513583646
338,2,464396870932758528
338,2,339864253240442890
338,2,685593846805037073
338,2,169163181749567501
339,1,654767153320427544
339,1,203908551293403136
339,1,529042537219096596
339,1,685593846805037073
339,2,464396870932758528
339,2,282897052285796353
339,2,339864253240442890
339,2,424662456233885696
340,1,547782898179244043
340,1,433698663873642497
340,1,464396870932758528
340,1,704384966716555284
340,2,330033967732621312
340,2,529042537219096596
340,2,717720216859181057
340,2,168282906496729088
341,1,689567520335593584
341,1,304187938676146177
341,1,497489731538649109
341,2,464396870932758528
341,2,704384966716555284
341,2,330033967732621312
342,1,654767153320427544
342,1,437347754960879616
342,1,689567520335593584
342,1,461681615513583646
342,2,253588058589364225
342,2,304187938676146177
342,2,277512731647803393
342,2,757970561820393522
343,1,253588058589364225
343,1,654767153320427544
343,1,304187938676146177
343,1,757970561820393522
343,2,374958703214067725
343,2,277512731647803393
343,2,689567520335593584
343,2,284637613694910474
344,1,168282906496729088
344,1,218881197193953280
344,1,627484657847631902
344,1,383780535933206538
344,2,719731481013911565
344,2,470881834721476668
344,2,617159976556953611
344,2,424662456233885696
345,1,437347754960879616
345,1,529042537219096596
345,1,433698663873642497
345,2,330033967732621312
345,2,698959474848694322
345,2,253588058589364225
346,1,330033967732621312
346,1,437347754960879616
346,1,304187938676146177
346,1,654767153320427544
346,2,698959474848694322
346,2,253588058589364225
346,2,433698663873642497
346,2,352743220783874060
347,1,464396870932758528
347,1,219516422135611392
347,1,654767153320427544
347,1,304187938676146177
347,2,438443958658531348
347,2,110980002484346880
347,2,338118765684326401
347,2,547782898179244043
348,1,330033967732621312
348,1,438443958658531348
348,1,689567520335593584
348,1,110980002484346880
348,2,424662456233885696
348,2,452655064989958164
348,2,219516422135611392
348,2,132421058442690560
349,1,698959474848694322
349,1,474256696621924393
349,1,424662456233885696
349,1,689567520335593584
349,2,374958703214067725
349,2,282897052285796353
349,2,253588058589364225
349,2,685593846805037073
350,1,685593846805037073
350,1,424662456233885696
350,1,175307525925634049
350,2,209963376925736960
350,2,132421058442690560
350,2,153979872534855681
351,1,685593846805037073
351,1,433698663873642497
351,1,311551386800095232
351,1,153979872534855681
351,1,205567665375412224
351,2,219516422135611392
351,2,340966904586043394
351,2,238726130012651520
351,2,470881834721476668
351,2,627484657847631902
352,1,219516422135611392
352,1,330033967732621312
352,1,654767153320427544
352,1,689567520335593584
352,2,311551386800095232
352,2,685593846805037073
352,2,627484657847631902
352,2,717720216859181057
353,1,685593846805037073
353,1,153979872534855681
353,1,654767153320427544
353,1,424662456233885696
353,2,168282906496729088
353,2,169163181749567501
353,2,689567520335593584
353,2,218881197193953280
354,1,689567520335593584
354,1,437347754960879616
354,1,648202237176184833
354,1,304187938676146177
354,2,470881834721476668
354,2,627484657847631902
354,2,617159976556953611
354,2,757970561820393522
355,1,168282906496729088
355,1,474256696621924393
355,1,654767153320427544
355,1,717720216859181057
355,2,689567520335593584
355,2,311551386800095232
355,2,437347754960879616
355,2,534430014377164820
356,1,689567520335593584
356,1,253588058589364225
356,1,534430014377164820
356,1,717720216859181057
356,2,169163181749567501
356,2,304187938676146177
356,2,374958703214067725
356,2,648202237176184833
357,1,717720216859181057
357,1,529042537219096596
357,1,374958703214067725
357,1,269650781085368321
357,2,685593846805037073
357,2,304187938676146177
357,2,205567665375412224
357,2,689567520335593584
358,1,698959474848694322
358,1,153979872534855681
358,1,374958703214067725
358,1,168282906496729088
358,2,437347754960879616
358,2,529042537219096596
358,2,685593846805037073
358,2,689567520335593584
359,1,689567520335593584
359,1,437347754960879616
359,1,132421058442690560
359,1,685593846805037073
359,2,654767153320427544
359,2,153979872534855681
359,2,529042537219096596
359,2,534430014377164820
360,1,175307525925634049
360,1,330033967732621312
360,1,534430014377164820
360,1,685593846805037073
360,2,311551386800095232
360,2,648202237176184833
360,2,219516422135611392
360,2,689567520335593584
361,1,685593846805037073
361,1,437347754960879616
361,1,461681615513583646
361,1,220635774620663808
361,2,547782898179244043
361,2,529042537219096596
361,2,175307525925634049
361,2,169163181749567501
362,1,685593846805037073
362,1,437347754960879616
362,1,719731481013911565
362,1,461681615513583646
362,2,383780535933206538
362,2,374958703214067725
362,2,168282906496729088
362,2,175307525925634049
363,1,547782898179244043
363,1,437347754960879616
363,1,374958703214067725
363,1,304187938676146177
363,2,685593846805037073
363,2,253588058589364225
363,2,175307525925634049
363,2,534430014377164820
364,1,547782898179244043
364,1,330033967732621312
364,1,717720216859181057
364,1,534430014377164820
364,2,627484657847631902
364,2,220635774620663808
364,2,689567520335593584
364,2,648202237176184833
365,1,374958703214067725
365,1,311551386800095232
365,1,330033967732621312
365,1,627484657847631902
365,2,438443958658531348
365,2,304187938676146177
365,2,284637613694910474
365,2,547782898179244043
366,1,689567520335593584
366,1,529042537219096596
366,1,461681615513583646
366,1,464396870932758528
366,2,374958703214067725
366,2,132421058442690560
366,2,168282906496729088
366,2,534430014377164820
367,1,689567520335593584
367,1,253588058589364225
367,1,470881834721476668
367,1,374958703214067725
367,2,168282906496729088
367,2,438443958658531348
367,2,132421058442690560
367,2,627484657847631902
368,1,689567520335593584
368,1,253588058589364225
368,1,627484657847631902
368,2,330033967732621312
368,2,719731481013911565
368,2,220635774620663808
369,1,689567520335593584
369,1,698959474848694322
369,1,464396870932758528
369,1,220635774620663808
369,2,437347754960879616
369,2,648202237176184833
369,2,534430014377164820
369,2,529042537219096596
370,1,330033967732621312
370,1,529042537219096596
370,1,304187938676146177
370,1,547782898179244043
370,2,464396870932758528
370,2,437347754960879616
370,2,627484657847631902
370,2,717720216859181057
371,1,547782898179244043
371,1,438443958658531348
371,1,529042537219096596
371,1,238726130012651520
371,2,464396870932758528
371,2,340966904586043394
371,2,437347754960879616
371,2,534430014377164820
372,1,689567520335593584
372,1,470881834721476668
372,1,717720216859181057
372,1,374958703214067725
372,2,547782898179244043
372,2,330033967732621312
372,2,169163181749567501
372,2,377033794923790338
373,1,497489731538649109
373,1,437347754960879616
373,1,793899844187848814
373,1,647861709524041781
373,2,689567520335593584
373,2,168282906496729088
373,2,464396870932758528
373,2,757970561820393522
374,1,168282906496729088
374,1,218881197193953280
374,1,377033794923790338
374,1,464396870932758528
374,2,689567520335593584
374,2,470881834721476668
374,2,529042537219096596
374,2,80346065433264128
375,1,547782898179244043
375,1,253588058589364225
375,1,169163181749567501
375,1,717720216859181057
375,2,374958703214067725
375,2,497489731538649109
375,2,654767153320427544
375,2,719731481013911565
376,1,253588058589364225
376,1,374958703214067725
376,1,169163181749567501
376,1,717720216859181057
376,2,218881197193953280
376,2,168282906496729088
376,2,292378911306809355
376,2,534430014377164820
377,1,437347754960879616
377,1,433698663873642497
377,1,627484657847631902
377,1,377033794923790338
377,2,689567520335593584
377,2,529042537219096596
377,2,330033967732621312
377,2,175307525925634049
378,1,220635774620663808
378,1,464396870932758528
378,1,547782898179244043
378,1,685593846805037073
378,2,330033967732621312
378,2,534430014377164820
378,2,627484657847631902
378,2,689567520335593584
379,1,464396870932758528
379,1,330033967732621312
379,1,547782898179244043
379,1,534430014377164820
379,2,685593846805037073
379,2,689567520335593584
379,2,220635774620663808
379,2,461681615513583646
380,1,685593846805037073
380,1,433698663873642497
380,1,470881834721476668
380,1,689567520335593584
380,2,627484657847631902
380,2,340966904586043394
380,2,238726130012651520
380,2,374958703214067725
381,1,685593846805037073
381,1,202896990537908225
381,1,110980002484346880
381,1,374958703214067725
381,2,689567520335593584
381,2,340966904586043394
381,2,238726130012651520
381,2,534430014377164820
382,1,689567520335593584
382,1,685593846805037073
382,1,169163181749567501
382,1,464396870932758528
382,2,253588058589364225
382,2,648202237176184833
382,2,304187938676146177
382,2,220635774620663808
383,1,168282906496729088
383,1,704384966716555284
383,1,374958703214067725
383,1,654767153320427544
383,2,218881197193953280
383,2,534430014377164820
383,2,717720216859181057
383,2,464396870932758528
384,1,437347754960879616
384,1,547782898179244043
384,1,220635774620663808
384,1,218881197193953280
384,2,219516422135611392
384,2,253588058589364225
384,2,529042537219096596
384,2,330033967732621312
385,1,253588058589364225
385,1,685593846805037073
385,1,547782898179244043
385,2,534430014377164820
385,2,438443958658531348
385,2,263748831794036749
386,1,689567520335593584
386,1,719731481013911565
386,1,253588058589364225
386,1,464396870932758528
386,2,685593846805037073
386,2,330033967732621312
386,2,654767153320427544
386,2,547782898179244043
387,1,374958703214067725
387,1,437347754960879616
387,1,547782898179244043
387,1,689567520335593584
387,2,685593846805037073
387,2,330033967732621312
387,2,654767153320427544
387,2,704384966716555284
388,1,374958703214067725
388,1,529042537219096596
388,1,685593846805037073
388,1,547782898179244043
388,2,689567520335593584
388,2,437347754960879616
388,2,704384966716555284
388,2,461681615513583646
389,1,168282906496729088
389,1,218881197193953280
389,1,470881834721476668
389,1,220635774620663808
389,2,437347754960879616
389,2,698959474848694322
389,2,685593846805037073
389,2,338118765684326401
390,1,437347754960879616
390,1,433698663873642497
390,1,529042537219096596
390,1,685593846805037073
390,2,698959474848694322
390,2,340966904586043394
390,2,305422077891051550
390,2,689567520335593584
391,1,311551386800095232
391,1,203908551293403136
391,1,470881834721476668
391,1,374958703214067725
391,2,547782898179244043
391,2,437347754960879616
391,2,409103244854558740
391,2,685593846805037073
392,1,179017430222372864
392,1,685593846805037073
392,1,304187938676146177
392,1,168282906496729088
392,2,547782898179244043
392,2,253588058589364225
392,2,382584762402996234
392,2,461681615513583646
393,1,534430014377164820
393,1,685593846805037073
393,1,689567520335593584
393,2,219516422135611392
393,2,547782898179244043
393,2,704384966716555284
394,1,689567520335593584
394,1,219516422135611392
394,1,547782898179244043
394,1,464396870932758528
394,2,311551386800095232
394,2,534430014377164820
394,2,685593846805037073
394,2,159743494418595840
395,1,311551386800095232
395,1,330033967732621312
395,1,464396870932758528
395,1,685593846805037073
395,2,689567520335593584
395,2,438443958658531348
395,2,159743494418595840
395,2,547782898179244043
396,1,685593846805037073
396,1,433698663873642497
396,1,374958703214067725
396,1,704384966716555284
396,2,437347754960879616
396,2,330033967732621312
396,2,689567520335593584
396,2,627484657847631902
397,1,374958703214067725
397,1,474256696621924393
397,1,314810024952201216
397,1,685593846805037073
397,2,437347754960879616
397,2,433698663873642497
397,2,304187938676146177
397,2,375395763351584768
398,1,689567520335593584
398,1,470881834721476668
398,1,627484657847631902
398,1,497489731538649109
398,2,218881197193953280
398,2,464396870932758528
398,2,547782898179244043
398,2,704384966716555284
399,1,409103244854558740
399,1,474256696621924393
399,1,304187938676146177
399,1,461681615513583646
399,2,685593846805037073
399,2,433698663873642497
399,2,425080036769398784
399,2,375395763351584768
400,1,474256696621924393
400,1,425080036769398784
400,1,304187938676146177
400,1,219516422135611392
400,2,218881197193953280
400,2,168282906496729088
400,2,685593846805037073
400,2,179017430222372864
401,1,685593846805037073
401,1,778675420509765702
401,1,220635774620663808
401,1,654767153320427544
401,2,311551386800095232
401,2,330033967732621312
401,2,534430014377164820
401,2,547782898179244043
402,1,470881834721476668
402,1,132421058442690560
402,1,757970561820393522
402,1,778675420509765702
402,2,698959474848694322
402,2,179017430222372864
402,2,159743494418595840
402,2,685593846805037073
403,1,168282906496729088
403,1,218881197193953280
403,1,374958703214067725
403,1,719731481013911565
403,2,497489731538649109
403,2,253588058589364225
403,2,464396870932758528
403,2,220635774620663808
404,1,374958703214067725
404,1,282897052285796353
404,1,132421058442690560
404,1,219516422135611392
404,2,685593846805037073
404,2,203908551293403136
404,2,253588058589364225
404,2,338118765684326401
405,1,311551386800095232
405,1,689567520335593584
405,1,547782898179244043
405,1,534430014377164820
405,2,219516422135611392
405,2,685593846805037073
405,2,220635774620663808
405,2,717720216859181057
406,1,685593846805037073
406,1,311551386800095232
406,1,547782898179244043
406,1,689567520335593584
406,2,330033967732621312
406,2,159743494418595840
406,2,220635774620663808
406,2,717720216859181057
407,1,311551386800095232
407,1,168282906496729088
407,1,464396870932758528
407,1,717720216859181057
407,2,689567520335593584
407,2,330033967732621312
407,2,159743494418595840
407,2,220635774620663808
408,1,685593846805037073
408,1,203908551293403136
408,1,304187938676146177
408,1,339864253240442890
408,2,689567520335593584
408,2,438443958658531348
408,2,409103244854558740
408,2,375395763351584768
409,1,464396870932758528
409,1,218881197193953280
409,1,689567520335593584
409,1,719731481013911565
409,2,685593846805037073
409,2,219516422135611392
409,2,778675420509765702
409,2,330033967732621312
410,1,685593846805037073
410,1,203908551293403136
410,1,304187938676146177
410,1,648202237176184833
410,2,305422077891051550
410,2,470881834721476668
410,2,689567520335593584
410,2,547782898179244043
411,1,219516422135611392
411,1,218881197193953280
411,1,717720216859181057
411,1,648202237176184833
411,2,685593846805037073
411,2,304187938676146177
411,2,220635774620663808
411,2,689567520335593584
412,1,168282906496729088
412,1,704384966716555284
412,1,470881834721476668
412,1,757970561820393522
412,2,689567520335593584
412,2,287646350504624168
412,2,627484657847631902
412,2,220635774620663808
413,1,438443958658531348
413,1,497489731538649109
413,1,689567520335593584
413,2,470881834721476668
413,2,627484657847631902
413,2,704384966716555284
414,1,110980002484346880
414,1,304187938676146177
414,1,438443958658531348
414,1,689567520335593584
414,2,287646350504624168
414,2,470881834721476668
414,2,627484657847631902
414,2,757970561820393522
415,1,253588058589364225
415,1,627484657847631902
415,1,220635774620663808
415,1,778675420509765702
415,2,219516422135611392
415,2,704384966716555284
415,2,464396870932758528
415,2,263748831794036749
416,1,383780535933206538
416,1,374958703214067725
416,1,778675420509765702
416,1,627484657847631902
416,2,547782898179244043
416,2,704384966716555284
416,2,219516422135611392
416,2,464396870932758528
417,1,700835979375804558
417,1,218881197193953280
417,1,648202237176184833
417,1,220635774620663808
417,2,168282906496729088
417,2,685593846805037073
417,2,464396870932758528
417,2,689567520335593584
418,1,374958703214067725
418,1,685593846805037073
418,1,778675420509765702
418,1,717720216859181057
418,2,547782898179244043
418,2,704384966716555284
418,2,253588058589364225
418,2,689567520335593584
419,1,685593846805037073
419,1,218881197193953280
419,1,547782898179244043
419,1,689567520335593584
419,2,464396870932758528
419,2,704384966716555284
419,2,374958703214067725
419,2,778675420509765702
420,1,497489731538649109
420,1,218881197193953280
420,1,374958703214067725
420,1,704384966716555284
420,2,464396870932758528
420,2,311551386800095232
420,2,778675420509765702
420,2,689567520335593584
421,1,311551386800095232
421,1,648202237176184833
421,1,689567520335593584
421,1,220635774620663808
421,2,464396870932758528
421,2,497489731538649109
421,2,304187938676146177
421,2,461681615513583646
422,1,685593846805037073
422,1,778675420509765702
422,1,304187938676146177
422,1,461681615513583646
422,2,689567520335593584
422,2,452655064989958164
422,2,497489731538649109
422,2,464396870932758528
423,1,168282906496729088
423,1,203908551293403136
423,1,654767153320427544
423,1,717720216859181057
423,2,218881197193953280
423,2,685593846805037073
423,2,757970561820393522
423,2,689567520335593584
424,1,685593846805037073
424,1,470881834721476668
424,1,654767153320427544
424,1,757970561820393522
424,2,218881197193953280
424,2,497489731538649109
424,2,689567520335593584
424,2,717720216859181057
425,1,685593846805037073
425,1,218881197193953280
425,1,304187938676146177
425,1,215637085762093057
425,2,617159976556953611
425,2,253588058589364225
425,2,470881834721476668
425,2,689567520335593584
426,1,169163181749567501
426,1,287646350504624168
426,1,220635774620663808
426,1,547782898179244043
426,2,219516422135611392
426,2,685593846805037073
426,2,704384966716555284
426,2,534430014377164820
427,1,464396870932758528
427,1,311551386800095232
427,1,220635774620663808
427,1,717720216859181057
427,2,547782898179244043
427,2,704384966716555284
427,2,685593846805037073
427,2,169163181749567501
428,1,438443958658531348
428,1,433698663873642497
428,1,717720216859181057
428,1,220635774620663808
428,2,464396870932758528
428,2,383780535933206538
428,2,778675420509765702
428,2,374958703214067725
429,1,438443958658531348
429,1,209963376925736960
429,1,534430014377164820
429,1,269650781085368321
429,2,374958703214067725
429,2,383780535933206538
429,2,685593846805037073
429,2,205567665375412224
430,1,218881197193953280
430,1,215637085762093057
430,1,464396870932758528
430,1,219516422135611392
430,2,383780535933206538
430,2,470881834721476668
430,2,685593846805037073
430,2,654767153320427544
431,1,719731481013911565
431,1,685593846805037073
431,1,304187938676146177
431,1,220635774620663808
431,2,464396870932758528
431,2,704384966716555284
431,2,689567520335593584
431,2,547782898179244043
432,1,689567520335593584
432,1,704384966716555284
432,1,163685529768951808
432,1,219516422135611392
432,2,547782898179244043
432,2,203908551293403136
432,2,685593846805037073
432,2,304187938676146177
433,1,311551386800095232
433,1,464396870932758528
433,1,220635774620663808
433,2,685593846805037073
433,2,330033967732621312
433,2,374958703214067725
434,1,685593846805037073
434,1,203908551293403136
434,1,304187938676146177
434,1,159743494418595840
434,2,689567520335593584
434,2,470881834721476668
434,2,374958703214067725
434,2,717720216859181057
435,1,464396870932758528
435,1,218881197193953280
435,1,757970561820393522
435,1,685593846805037073
435,2,547782898179244043
435,2,242716817414553600
435,2,470881834721476668
435,2,205567665375412224
436,1,497489731538649109
436,1,219516422135611392
436,1,424662456233885696
436,1,700835979375804558
436,2,253588058589364225
436,2,338118765684326401
436,2,461681615513583646
436,2,654767153320427544
437,1,685593846805037073
437,1,110980002484346880
437,1,700835979375804558
437,1,534430014377164820
437,2,717720216859181057
437,2,330033967732621312
437,2,689567520335593584
437,2,648202237176184833
438,1,685593846805037073
438,1,425080036769398784
438,1,534430014377164820
438,1,648202237176184833
438,2,689567520335593584
438,2,330033967732621312
438,2,220635774620663808
438,2,700835979375804558
439,1,689567520335593584
439,1,464396870932758528
439,1,311551386800095232
439,1,534430014377164820
439,2,685593846805037073
439,2,654767153320427544
439,2,220635774620663808
439,2,700835979375804558
440,1,689567520335593584
440,1,704384966716555284
440,1,464396870932758528
440,1,654767153320427544
440,2,311551386800095232
440,2,685593846805037073
440,2,534430014377164820
440,2,220635774620663808
441,1,311551386800095232
441,1,689567520335593584
441,1,169163181749567501
441,1,685593846805037073
441,2,330033967732621312
441,2,374958703214067725
441,2,704384966716555284
441,2,304187938676146177
442,1,438443958658531348
442,1,360749796698619914
442,1,220635774620663808
442,2,110980002484346880
442,2,470881834721476668
442,2,757970561820393522
443,1,464396870932758528
443,1,757970561820393522
443,1,438443958658531348
443,1,360749796698619914
443,2,374958703214067725
443,2,470881834721476668
443,2,497489731538649109
443,2,110980002484346880
444,1,424662456233885696
444,1,654767153320427544
444,1,304187938676146177
444,1,253588058589364225
444,2,689567520335593584
444,2,338118765684326401
444,2,287646350504624168
444,2,685593846805037073
445,1,253588058589364225
445,1,437347754960879616
445,1,685593846805037073
445,1,689567520335593584
445,2,218881197193953280
445,2,287646350504624168
445,2,424662456233885696
445,2,700835979375804558
446,1,689567520335593584
446,1,330033967732621312
446,1,175307525925634049
446,1,547782898179244043
446,2,311551386800095232
446,2,685593846805037073
446,2,464396870932758528
446,2,534430014377164820
447,1,438443958658531348
447,1,685593846805037073
447,1,110980002484346880
447,1,311551386800095232
447,2,304187938676146177
447,2,169163181749567501
447,2,203908551293403136
447,2,197960119982620672
448,1,330033967732621312
448,1,175307525925634049
448,1,534430014377164820
448,1,159743494418595840
448,2,704384966716555284
448,2,464396870932758528
448,2,689567520335593584
448,2,719731481013911565
449,1,330033967732621312
449,1,704384966716555284
449,1,304187938676146177
449,1,159743494418595840
449,2,464396870932758528
449,2,110980002484346880
449,2,497489731538649109
449,2,374958703214067725
450,1,330033967732621312
450,1,704384966716555284
450,1,304187938676146177
450,1,159743494418595840
450,2,464396870932758528
450,2,110980002484346880
450,2,497489731538649109
450,2,374958703214067725
451,1,717720216859181057
451,1,218881197193953280
451,1,424662456233885696
451,1,757970561820393522
451,2,547782898179244043
451,2,470881834721476668
451,2,287646350504624168
451,2,338118765684326401
452,1,218881197193953280
452,1,374958703214067725
452,1,757970561820393522
452,1,470881834721476668
452,2,719731481013911565
452,2,654767153320427544
452,2,287646350504624168
452,2,685593846805037073
453,1,330033967732621312
453,1,704384966716555284
453,1,304187938676146177
453,1,159743494418595840
453,2,464396870932758528
453,2,110980002484346880
453,2,497489731538649109
453,2,374958703214067725
454,1,717720216859181057
454,1,218881197193953280
454,1,424662456233885696
454,1,757970561820393522
454,2,547782898179244043
454,2,470881834721476668
454,2,287646350504624168
454,2,338118765684326401
455,1,218881197193953280
455,1,374958703214067725
455,1,757970561820393522
455,1,470881834721476668
455,2,719731481013911565
455,2,654767153320427544
455,2,287646350504624168
455,2,685593846805037073
456,1,330033967732621312
456,1,311551386800095232
456,1,717720216859181057
456,1,464396870932758528
456,2,168282906496729088
456,2,287646350504624168
456,2,175307525925634049
456,2,700835979375804558
457,1,547782898179244043
457,1,437347754960879616
457,1,287646350504624168
457,1,464396870932758528
457,2,330033967732621312
457,2,474256696621924393
457,2,704384966716555284
457,2,220635774620663808
458,1,304187938676146177
458,1,253588058589364225
458,1,470881834721476668
458,1,757970561820393522
458,2,464396870932758528
458,2,425080036769398784
458,2,287646350504624168
458,2,654767153320427544
459,1,203908551293403136
459,1,425080036769398784
459,1,709856074932682794
459,1,329697230338523138
459,2,547782898179244043
459,2,253588058589364225
459,2,374958703214067725
459,2,654767153320427544
460,1,253588058589364225
460,1,689567520335593584
460,1,192715583496781825
460,1,189241938422136833
460,2,151539435631017984
460,2,287646350504624168
460,2,220635774620663808
460,2,648202237176184833
461,1,547782898179244043
461,1,425080036769398784
461,1,287646350504624168
461,1,424662456233885696
461,2,330033967732621312
461,2,253588058589364225
461,2,689567520335593584
461,2,464396870932758528
462,1,689567520335593584
462,1,314810024952201216
462,1,269650781085368321
462,2,110980002484346880
462,2,287646350504624168
462,2,534430014377164820
463,1,424662456233885696
463,1,269650781085368321
463,1,757970561820393522
463,1,220635774620663808
463,2,464396870932758528
463,2,179017430222372864
463,2,168282906496729088
463,2,704384966716555284
464,1,314810024952201216
464,1,287646350504624168
464,1,618531256413454346
464,1,433698663873642497
464,2,654767153320427544
464,2,437347754960879616
464,2,253588058589364225
464,2,700835979375804558
465,1,424662456233885696
465,1,253588058589364225
465,1,689567520335593584
465,1,704384966716555284
465,2,461681615513583646
465,2,425080036769398784
465,2,685593846805037073
465,2,287646350504624168
466,1,220635774620663808
466,1,778675420509765702
466,1,464396870932758528
466,1,627484657847631902
466,2,311551386800095232
466,2,425080036769398784
466,2,685593846805037073
466,2,648202237176184833
467,1,374958703214067725
467,1,311551386800095232
467,1,685593846805037073
467,1,464396870932758528
467,2,409103244854558740
467,2,470881834721476668
467,2,778675420509765702
467,2,338118765684326401
468,1,168282906496729088
468,1,685593846805037073
468,1,374958703214067725
468,1,464396870932758528
468,2,218881197193953280
468,2,215637085762093057
468,2,470881834721476668
468,2,263748831794036749
469,1,470881834721476668
469,1,179017430222372864
469,1,311551386800095232
469,1,704384966716555284
469,2,438443958658531348
469,2,292378911306809355
469,2,461681615513583646
469,2,654767153320427544
470,1,168282906496729088
470,1,464396870932758528
470,1,203908551293403136
470,1,287646350504624168
470,2,425080036769398784
470,2,110980002484346880
470,2,437347754960879616
470,2,689567520335593584
471,1,464396870932758528
471,1,277512731647803393
471,1,168282906496729088
471,1,374958703214067725
471,2,304187938676146177
471,2,425080036769398784
471,2,778675420509765702
471,2,534430014377164820
472,1,424662456233885696
472,1,425080036769398784
472,1,277512731647803393
472,1,689567520335593584
472,2,464396870932758528
472,2,151539435631017984
472,2,474256696621924393
472,2,534430014377164820
473,1,330033967732621312
473,1,717720216859181057
473,1,547782898179244043
473,1,169163181749567501
473,2,168282906496729088
473,2,374958703214067725
473,2,757970561820393522
473,2,470881834721476668
474,1,470881834721476668
474,1,654767153320427544
474,1,757970561820393522
474,1,330033967732621312
474,1,424662456233885696
474,2,497489731538649109
474,2,374958703214067725
474,2,203908551293403136
474,2,717720216859181057
474,2,704384966716555284
475,1,168282906496729088
475,1,464396870932758528
475,1,218881197193953280
475,1,654767153320427544
475,2,424662456233885696
475,2,277512731647803393
475,2,470881834721476668
475,2,719731481013911565
476,1,203908551293403136
476,1,338118765684326401
476,1,112055814419685376
476,1,424662456233885696
476,2,277512731647803393
476,2,689567520335593584
476,2,438443958658531348
476,2,534430014377164820
477,1,112055814419685376
477,1,330033967732621312
477,1,202896990537908225
477,1,534430014377164820
477,2,203908551293403136
477,2,464396870932758528
477,2,717720216859181057
477,2,778675420509765702
478,1,168282906496729088
478,1,203908551293403136
478,1,689567520335593584
478,1,287646350504624168
478,2,304187938676146177
478,2,778675420509765702
478,2,757970561820393522
478,2,529042537219096596
479,1,220635774620663808
479,1,338118765684326401
479,1,757970561820393522
479,1,497489731538649109
479,2,189241938422136833
479,2,464396870932758528
479,2,287646350504624168
479,2,689567520335593584
480,1,311551386800095232
480,1,168282906496729088
480,1,778675420509765702
480,1,470881834721476668
480,2,719731481013911565
480,2,374958703214067725
480,2,409103244854558740
480,2,438443958658531348
#464
